checked_at,title,url,source_region,eligibility_region,category,score,possible_grant_values,deadline_dates,deadline_phrases,reason_found,snippet,review_reason
2026-06-10T10:41:45+00:00,digital welcome programme gateway access guidelines final,https://www.tourismni.com/globalassets/about-tourism-ni/previous-funding-schemes/capital-funding/digital-welcome-programme-gateway-access-guidelines-final.pdf,Northern Ireland,"EU / international, Northern Ireland, Republic of Ireland","biodiversity, tourism, rural_business",102,"up to £200K, £1, £200,000, £200K, £350K",2022-03-14,"closing date for applications is 3 pm on Monday 14th March 2022, applications cannot be submitted after this time. If you have any is","13 grant signals; category keywords: biodiversity, tourism, rural_business; NI / border region keywords; money value found",Tourism Northern Ireland Embrace a Giant Spirit Digital Welcome Programme (Gateway Access Points) 2021/2022 A capital grant programme to enhance the visitor experience and sense of welcome at Northern Ireland’s main Gateway Points through digital investment. PROGRAMME GUIDELINES Capital grants up to £200K 1 Contents Introduction ............................................................................................................................................ 2 Programme Aim and Outcomes.............................................................................................................,no future deadline or open phrase
2026-06-10T10:41:57+00:00,tni_expdev_guide_gar4,https://www.tourismni.com/globalassets/about-tourism-ni/previous-funding-schemes/capital-funding/tni_expdev_guide_gar4.pdf,Northern Ireland,"EU / international, Northern Ireland, Republic of Ireland","biodiversity, heritage, tourism, rural_business",102,"£1, £200,000, £5,000",2020-09-25,"closing date for applications is 3pm on 25 September 2020, applications cannot be submitted after this time. As part of the applicati | ine to T ourism NI can be accepted. The closing date for applications is 3pm on 25 September 2020, applications cannot be submitted","13 grant signals; category keywords: biodiversity, heritage, tourism, rural_business; NI / border region keywords; money value found","Sea Land Urban Experience Development Programme 2020/2021 T ourist Industry Scheme A capital grant programme to develop new tourism experiences and enhance existing tourism experiences PROGRAMME GUIDELINES FOR CAPIT AL GRANTS FROM £5,000 TO £200,000 Contents Experience Development Programme 2020/2021 2 The Walled City Page • Introduction 3 • Programme Aim 4 • Programme Outcomes 5 • How Much Financial Assistance Can I Expect? 6 - Minimum Eligibility Criteria 6 - Eligible Costs 7 - Ineligible Costs 7 • How can I apply? - Stage 1 - Expression of Interest 8 - Stage 2 - Application 8 - Stage 3 - Assessment (including assessment criteria) 9 - Stage 4 -Project Implementation 9 - Stage 5 - Project C",no future deadline or open phrase
2026-06-10T10:39:19+00:00,Woodland Creation Grant (window 6): rules booklet [HTML] | GOV.WALES,https://www.gov.wales/woodland-creation-grant-window-6-rules-booklet-html,Wales,"EU / international, Northern Ireland, Wales","agriculture, forestry, biodiversity, water, rural_business, horticulture",98,"1,100/ha, 1,600/ha, 2,500/ha, 387/ha, 74/ha, 800/ha, £1,250, £220, £264, £290","2026-05-15, 2026-06-02, 2026-06-06","claim for your new planting. The annual deadline for submitting a SAF is 15 May. Basic Payment Scheme (BPS) Areas planted under | claim for your new planting. The annual deadline for submitting a SAF is 15 May. Maintenance includes vegetation control around | deadline for submitting a SAF is 15 May. Maintenance includes vegetation control around the trees, replacement of dead trees (bea | on your RPW Online account by the claim deadline. We will issue a maximum of 2 reminders for any outstanding claims via your RPW | ter the claim has been submitted. Claim deadlines Those applying for funding in window 6 will have to complete their new plantin","12 grant signals; category keywords: agriculture, forestry, biodiversity, water, rural_business, horticulture; NI / border region keywords; money value found",Follow these rules and guidance for window 6 of the Woodland Creation Grant.,no future deadline or open phrase
2026-06-10T10:41:30+00:00,website development programme 2021.2022 for accommodation providers,https://www.tourismni.com/globalassets/archive/website-development-accommodation-2122/website-development-programme-2021.2022-for-accommodation-providers.pdf,Northern Ireland,"Northern Ireland, Republic of Ireland","biodiversity, tourism",98,"UP TO £40,000, £1, £250k, £40,000",,,"12 grant signals; category keywords: biodiversity, tourism; NI / border region keywords; money value found","Tourist Industry Scheme Website Development Programme 2021/2022 2021/22 for Accommodation Providers (Hotels, Guesthouses and Guest Accommodation) A programme designed to help accommodation providers develop their websites and digital presence and support business recovery & growth. PROGRAMME GUIDELINES FOR CAPIT AL GRANTS UP TO £40,000 Contents 1. p6 • Minimum Eligibility Criteria p6 • Eligible Costs p7 • Ineligible Costs p7 6.",no future deadline or open phrase
2026-06-10T10:41:39+00:00,experience development programme 2021 2023 guidelines,https://www.tourismni.com/globalassets/business-development/opportunities-with-tourism-ni/experience-development-programme/experience-development-programme-2021-2023-guidelines.pdf,Northern Ireland,"EU / international, Northern Ireland, Republic of Ireland","biodiversity, tourism, rural_business",98,"£1, £40,000, £450,000","2021-09-06, 2021-10-04","closing date for applications is 4th October 2021 at 3pm, applications cannot be submitted after this time. As part of the applicatio | closing date for expression of interest is 6th September 2021 at 3pm. Forms cannot be submitted after this time. Stand Up Paddle Boar | closing date for full applications is 4th October 2021 at 3pm. This is an online application programme with the various stages set ou | ine to T ourism NI can be accepted. The closing date for applications is 4th October 2021 at 3pm, applications cannot be submitted a | n your Expression of Interest form. The closing date for expression of interest is 6th September 2021 at 3pm. Forms cannot be submit","12 grant signals; category keywords: biodiversity, tourism, rural_business; NI / border region keywords; money value found","PROGRAMME GUIDELINES FOR CAPITAL GRANTS FROM £40,000 to £450,000 A capital grant programme to develop new tourism experiences and enhance existing tourism experiences. Introduction ........................................................................................................ Programme Aim ................................................................................................",no future deadline or open phrase
2026-06-10T10:41:43+00:00,website development programme 2021 22 guidelines,https://www.tourismni.com/globalassets/business-development/opportunities-with-tourism-ni/website-development-programme-2021-2022/website-development-programme-2021-22-guidelines.pdf,Northern Ireland,"Northern Ireland, Republic of Ireland","agriculture, forestry, biodiversity, tourism, rural_business, aquaculture",98,"UP TO £40,000, £1, £40,000",,,"12 grant signals; category keywords: agriculture, forestry, biodiversity, tourism, rural_business, aquaculture; NI / border region keywords; money value found","Tourist Industry Scheme Website Development Programme 2021/2022 2021/22 A programme designed to help experience providers develop their websites and digital presence; supporting business recovery & growth. PROGRAMME GUIDELINES FOR CAPIT AL GRANTS UP TO £40,000 Contents 1. Introduction In 2019, tourism in Northern Ireland was a successful £1bn industry, employing 65,000 people.",no future deadline or open phrase
2026-06-10T10:42:05+00:00,169350 tni_webdev_guide_monday august 24th,https://www.tourismni.com/globalassets/about-tourism-ni/previous-funding-schemes/capital-funding/169350-tni_webdev_guide_monday-august-24th.pdf,Northern Ireland,"Northern Ireland, Republic of Ireland","agriculture, forestry, biodiversity, tourism, rural_business",98,"UP TO £40,000, £1, £40,000","2020-08-21, 2020-09-25","closing date for applications is 3pm on 25 September 2020. Before submitting your application, you must ensure you have uploaded any | closing date for receipt of Expression of Interest forms is 21 August 2020 at 3pm. Eligible completed Expression of Interest forms wi | cs if you have an existing website. The closing date for receipt of Expression of Interest forms is 21 August 2020 at 3pm. Eligible | ment your Website Development Plan. The closing date for applications is 3pm on 25 September 2020. Before submitting your applicatio","12 grant signals; category keywords: agriculture, forestry, biodiversity, tourism, rural_business; NI / border region keywords; money value found","Sea Land Urban 2/zero.ss012/zero.ss01/2/zero.ss012/one.ss01 W/e.ss01b/s.ss01i/t.ss01e D/e.ss01v/e.ss01l/o.ss01p/m.ss01e/n.ss01t P/r.ss01o/g.ss01r/a.ss01m/m.ss01e T ourist Industry Scheme An investment programme designed to help providers sell their experiences through development of their websites. T ourist Industry Scheme PROGRAMME GUIDELINES FOR CAPIT AL GRANTS UP TO £40,000 • Introduction 3 • Programme Aim 4 • Programme Objectives 5 • What Assistance Can I Expect? 6 • Minimum Eligibility Criteria 6 • Eligible Costs 7 • Ineligible Costs 7 • How Can I Apply?",no future deadline or open phrase
2026-06-10T10:42:12+00:00,itp 2018 19 guidelines_final version,https://www.tourismni.com/globalassets/about-tourism-ni/previous-funding-schemes/capital-funding/itp-2018-19-guidelines_final-version.pdf,Northern Ireland,"EU / international, Northern Ireland, Republic of Ireland","biodiversity, tourism",94,"£25,000, £500,000, €500,000","2018-12-03, 2018-12-10","closing date for applications is 11am on 3rd December 2018. Before submitting your application, you must ensure: • That the applicati | closing date for receipt of the signed declaration form is 5pm on 10 December 2018. It is recommended that the signed form be sent by | een, to validate your application • The closing date for receipt of the signed declaration form is 5pm on 10 December 2018. It is re | ine to T ourism NI can be accepted. The closing date for applications is 11am on 3rd December 2018. Before submitting your applicati","11 grant signals; category keywords: biodiversity, tourism; NI / border region keywords; money value found",tourismni.com Tourist Industry Scheme Enhancing Visitor Experiences through Immersive T echnology (Capital) Programme Guidelines 1 Contents Introduction 2 Programme Objectives 2 Programme Outcomes 2 The type of projects we want to support 3 What we will not support 3 How much financial assistance can I expect? 5 How we will evaluate your application 6 Equality Statement 8 Procurement 8 Appeals Procedure 8 FoI and Data Protection 8 General Data Protection Regulation (GDPR) 9 2 T ourism NI is responsible for the development of tourism and marketing of Northern Ireland as a tourist destination on the island of Ireland and works closely with T ourism Ireland to sell the destination overseas. Und,no future deadline or open phrase
2026-06-10T10:40:40+00:00,national tourism events sponsorship scheme 2022 23,https://www.tourismni.com/globalassets/about-tourism-ni/previous-funding-schemes/events-funding/national-tourism-events-sponsorship-scheme-2022-23.pdf,Northern Ireland,"EU / international, Northern Ireland, Republic of Ireland","biodiversity, heritage, tourism",90,"£1, £30,000, £50,000, £6,000",,,"10 grant signals; category keywords: biodiversity, heritage, tourism; NI / border region keywords; money value found",Guidelines for Applicants National T ourism Events Sponsorship Scheme 2022/23 tourism.com/ events Contents 1. About Tourism NI ................................................................................ Setting the scene ................................................................................,no future deadline or open phrase
2026-06-10T10:41:35+00:00,covid business  financial planning support programme 21 22 guidelines,https://www.tourismni.com/globalassets/business-development/opportunities-with-tourism-ni/covid-business-and-financial-planning-support/covid-business--financial-planning-support-programme-21-22-guidelines.pdf,Northern Ireland,"Northern Ireland, Republic of Ireland","biodiversity, tourism, rural_business",90,"£ 99,999, £1, £50,000, £99,999",,,"10 grant signals; category keywords: biodiversity, tourism, rural_business; NI / border region keywords; money value found",Covid Business & Financial Planning Support Programme 2021/22 Advisory support to assist in the development of business and financial recovery plans. Introduction ......................................................................................... Programme Aim ..................................................................................,no future deadline or open phrase
2026-06-10T10:42:23+00:00,Business Support Finder,https://www.nibusinessinfo.co.uk/business-support,UK-wide,"Cross-border, EU / international, Northern Ireland, Republic of Ireland","agriculture, biodiversity, water, tourism, rural_business",90,"up to £121 million, up to £17,250, £121 million, £17,250, £2,500,000, £7,000,000",,,"10 grant signals; category keywords: agriculture, biodiversity, water, tourism, rural_business; NI / border region keywords; money value found","Support may be available in a number of forms, including financial assistance and free or subsidised advice services. There may also be specific initiatives to help with starting up, managing or growing a business. 196 schemes available Sort by: DATUM Programme Support for digital transformation in manufacturing Acumen Programme Funding of up to £17,250 for a sales resource to grow your business opportunities and exports in the cross-border market.",no future deadline or open phrase
2026-06-10T10:43:13+00:00,Business Support Finder,https://www.nibusinessinfo.co.uk/business-support,UK-wide,"Cross-border, EU / international, Northern Ireland, Republic of Ireland","agriculture, biodiversity, water, tourism, rural_business",90,"up to £121 million, up to £17,250, £121 million, £17,250, £2,500,000, £7,000,000",,,"10 grant signals; category keywords: agriculture, biodiversity, water, tourism, rural_business; NI / border region keywords; money value found","Support may be available in a number of forms, including financial assistance and free or subsidised advice services. There may also be specific initiatives to help with starting up, managing or growing a business. 196 schemes available Sort by: DATUM Programme Support for digital transformation in manufacturing Acumen Programme Funding of up to £17,250 for a sales resource to grow your business opportunities and exports in the cross-border market.",no future deadline or open phrase
2026-06-10T10:40:46+00:00,previous national tourism events sponsorship scheme guidelines,https://www.tourismni.com/globalassets/about-tourism-ni/previous-funding-schemes/events-funding/previous-national-tourism-events-sponsorship-scheme-guidelines.pdf,Northern Ireland,"EU / international, Northern Ireland, Republic of Ireland","biodiversity, water, heritage, tourism, rural_business",86,"£1, £30,000, £6,000",,,"9 grant signals; category keywords: biodiversity, water, heritage, tourism, rural_business; NI / border region keywords; money value found",Guidelines for Applicants National T ourism Events Sponsorship Scheme 2021/22 tourism.com/ events Contents 1. About Tourism NI ................................................................................ Setting the scene ................................................................................,no future deadline or open phrase
2026-06-10T10:41:52+00:00,strategic partnership grant fund procedures manual,https://www.tourismni.com/globalassets/about-tourism-ni/previous-funding-schemes/capital-funding/strategic-partnership-grant-fund-procedures-manual.pdf,Northern Ireland,"Northern Ireland, Republic of Ireland","biodiversity, water, tourism",86,"up to £100,000, up to £50,000,, £1, £100,000, £250,00, £250,000, £300,000, £50,000, £50,000,, £500,000",,,"9 grant signals; category keywords: biodiversity, water, tourism; NI / border region keywords; money value found","1 SPGF Operating Guidelines 31 Jan 17 Strategic Partnership Grant Fund Operating Guidelines Contents Chapter Subject Page No 1 Introduction 2 2 Principles of the Scheme 2 3 Aims and Objectives to the Scheme 3 4 Recipients of Financial Commitment 4 5 Strategic Partner Selection Eligibility Checks and Assessment Criteria 4 6 Business Case 5 7 Types of Financial Agreement 5 8 Payment Process 6 2 SPGF Operating Guidelines 31 Jan 17 Introduction Tourism has been identified as having the potential to become a key sector in the transformation of Northern Ireland and to contribute significantly to economic growth. Recognising this, the NI Executive has developed a Tourism Strategy, for the strategic",no future deadline or open phrase
2026-06-10T10:44:20+00:00,Reduce waste and save energy,https://www.investni.com/support-for-business/reduce-waste-and-save-energy,Northern Ireland,"EU / international, Northern Ireland, Republic of Ireland","biodiversity, tourism, rural_business, energy",86,"Up to £50k, £30k, £50k",,,"9 grant signals; category keywords: biodiversity, tourism, rural_business, energy; NI / border region keywords; money value found",We provide expert advice to Northern Ireland businesses to help develop business specific waste management strategies.,no future deadline or open phrase
2026-06-10T10:46:34+00:00,Funding finder,https://www.ukri.org/opportunity/?filter_order=closing_date,UK-wide,"England, Northern Ireland, Republic of Ireland, Scotland, Wales","agriculture, heritage, tourism, rural_business",86,"up to £2 million, up to £3.7 million, up to £5 million, £110,000,000, £150,000, £2 million, £2,000,000, £2,500,000 M, £3,000,000, £3,700,000",0121-06-10,"closing date (oldest to newest) 121 opportunities found using the current filters , sorted by closing date Funding opportunity list S | ening date (oldest to newest) Sorted by closing date (oldest to newest) 121 opportunities found using the current filters , sorted b","9 grant signals; category keywords: agriculture, heritage, tourism, rural_business; NI / border region keywords; money value found","Search current funding opportunities from across UKRI, research councils and Innovate UK.",no future deadline or open phrase
2026-06-10T10:38:53+00:00,Farming Innovation: find out about funding,https://farminginnovation.ukri.org/,UK-wide,England,"agriculture, horticulture, energy",82,"£1, £2,500, £200, £200K, £28, £3, £500K, £50K, £6 million",,,"8 grant signals; category keywords: agriculture, horticulture, energy; NI / border region keywords; money value found","Farming Innovation: find out about funding Explore an idea that could benefit your farm and others Check if a research idea works in practice Develop a new farming product or service Work on longer-term farming innovation projects On-farm projects to accelerate adoption The Farming Innovation Programme is part of Defra’s investment in innovation, research and development. Defra is partnering with Innovate UK, part of UK Research and Innovation (UKRI), to fund projects that benefit farmers, growers and foresters in England. This means applications for each competition will be judged, and only the successful ones will be funded.",no future deadline or open phrase
2026-06-10T10:39:38+00:00,Local Biodiversity Action Fund,https://www.npws.ie/legislation/national-biodiversity-action-plan/local-biodiversity-action-fund,Republic of Ireland,"Cross-border, EU / international, Northern Ireland, Republic of Ireland","agriculture, forestry, biodiversity, water, heritage, tourism, rural_business, horticulture, aquaculture, energy",82,"€1,000, €1,000.00, €1,062.50, €1,215.03, €1,228.00 K, €1,228.21, €1,228.28, €1,228.28 K, €1,228.28 M, €1,228.59 M",,,"8 grant signals; category keywords: agriculture, forestry, biodiversity, water, heritage, tourism, rural_business, horticulture, aquaculture, energy; NI / border region keywords; money value found",The Local Biodiversity Action Fund (LBAF) is operated by the NPWS to assist Local Authorities to carry out projects that target the objectives of Ireland’s 4th National Biodiversity Action Plan (NBAP) 2023-2030. Local Biodiversity Fund 2026 In 2026 €3 million in funding has been allocated for projects under the Local Biodiversity Action Fund (LBAF) 2026. A diverse range of local authority-led projects have been selected for support through this fund.,no future deadline or open phrase
2026-06-10T10:43:57+00:00,Innovation Vouchers,https://www.investni.com/support-for-business/innovation-support/innovation-vouchers,Northern Ireland,"EU / international, Northern Ireland, Republic of Ireland","biodiversity, tourism, rural_business, energy",82,"£5K, €10 million, €43 million, €50 million",,,"8 grant signals; category keywords: biodiversity, tourism, rural_business, energy; NI / border region keywords; money value found","Support your innovation project with a £5k Innovation Voucher. Develop new products, services, or processes to drive growth in your business.",no future deadline or open phrase
2026-06-10T10:38:56+00:00,Funding finder,https://www.ukri.org/opportunity/,UK-wide,England,"agriculture, forestry, rural_business, energy",78,"up to £5 million, up to £800,000, £100,000, £180,000, £2,312,550 M, £20,000,000, £21,600,000, £280,000, £385,425, £5 million","0120-06-10, 0800-01-10","closing date (oldest to newest) 120 opportunities found using the current filters , sorted by publication date Funding opportunity li | closing date ACTASAP pilot phase 1 UK registered academic institutions can apply for a share of up to £800,000 to take part in the AC | opening date (oldest to newest) Sort by closing date (oldest to newest) 120 opportunities found using the current filters , sorted b","7 grant signals; category keywords: agriculture, forestry, rural_business, energy; NI / border region keywords; money value found","Search current funding opportunities from across UKRI, research councils and Innovate UK.",no future deadline or open phrase
2026-06-10T10:43:26+00:00,Support for innovation driven start-ups,https://www.investni.com/support-for-business/support-for-innovation-driven-start-ups,Northern Ireland,"EU / international, Northern Ireland, Republic of Ireland","tourism, rural_business, energy",78,"up to £20,000, up to £5K, £20,000, £5K",,,"7 grant signals; category keywords: tourism, rural_business, energy; NI / border region keywords; money value found","Innovation-Driven Enterprises (IDEs) are dynamic start-ups led by ambitious founders. They create innovative products, disrupt traditional industries, and aim for global success.",no future deadline or open phrase
2026-06-10T10:43:54+00:00,Innovation support,https://www.investni.com/support-for-business/innovation-support,Northern Ireland,"EU / international, Northern Ireland, Republic of Ireland","biodiversity, tourism, energy",78,"Up to £20,000, Up to £5,000, £20,000, £5,000",,,"7 grant signals; category keywords: biodiversity, tourism, energy; NI / border region keywords; money value found","Invest NI's range of support for innovation - we empower businesses to launch innovative products, processes and services",no future deadline or open phrase
2026-06-10T10:44:39+00:00,Become a client,https://www.investni.com/about-us/how-we-support-business/become-a-client,Northern Ireland,"EU / international, Northern Ireland, Republic of Ireland","tourism, energy",78,"£250,000",,,"7 grant signals; category keywords: tourism, energy; NI / border region keywords; money value found",The criteria and how to apply to become an Invest Northern Ireland Client.,no future deadline or open phrase
2026-06-10T10:44:23+00:00,Operational Excellence Solutions,https://www.investni.com/support-for-business/operational-excellence-solutions,Northern Ireland,"EU / international, Northern Ireland, Republic of Ireland","tourism, energy",74,"£1, £17",,,"6 grant signals; category keywords: tourism, energy; NI / border region keywords; money value found","Operational Excellence Solutions support can help your business develop competitive advantage by facilitating improvements to productivity and, in turn, profitability.",no future deadline or open phrase
2026-06-10T10:37:53+00:00,Funding Schemes,https://www.tourismni.com/about/funding-schemes/,Northern Ireland,"EU / international, Northern Ireland, Republic of Ireland","biodiversity, tourism, rural_business",71,,,,"9 grant signals; category keywords: biodiversity, tourism, rural_business; NI / border region keywords","Discover funding programmes, grants and schemes for Northern Ireland&#39;s tourism businesses, including those for events and capital development.",no future deadline or open phrase
2026-06-10T10:42:33+00:00,Publicly-funded and not-for-profit support,https://www.nibusinessinfo.co.uk/content/publicly-funded-and-not-profit-support,UK-wide,"EU / international, Northern Ireland, Republic of Ireland","agriculture, biodiversity, water, tourism, rural_business",71,,,,"9 grant signals; category keywords: agriculture, biodiversity, water, tourism, rural_business; NI / border region keywords",Find and secure grants and government support to help start up and develop your business,no future deadline or open phrase
2026-06-10T10:42:46+00:00,Employer support programmes,https://www.nibusinessinfo.co.uk/content/employer-support-programmes,UK-wide,"EU / international, Northern Ireland, Republic of Ireland","agriculture, biodiversity, water, tourism, rural_business",71,,,,"9 grant signals; category keywords: agriculture, biodiversity, water, tourism, rural_business; NI / border region keywords",Training and support programmes available to Northern Ireland employers to help develop staff skills.,no future deadline or open phrase
2026-06-10T10:38:00+00:00,Support for business,https://www.investni.com/support-for-business,Northern Ireland,"EU / international, Northern Ireland, Republic of Ireland","tourism, energy",70,"£1.9m, £24.5 million, £5m",,,"5 grant signals; category keywords: tourism, energy; NI / border region keywords; money value found","To help your business compete successfully and function efficiently we offer support across a variety of areas. Our support is tailored to your needs and includes advice, mentoring and finance",no future deadline or open phrase
2026-06-10T10:38:39+00:00,Funding,https://www.heritagefund.org.uk/funding,UK-wide,UK-wide,heritage,70,"£10,000, £250,000",,,5 grant signals; category keywords: heritage; NI / border region keywords; money value found,Find out how to apply for and manage funding for your project.,no future deadline or open phrase
2026-06-10T10:43:16+00:00,Support for business,https://www.investni.com/support-for-business#main-content,Northern Ireland,"EU / international, Northern Ireland, Republic of Ireland","tourism, energy",70,"£1.9m, £24.5 million, £5m",,,"5 grant signals; category keywords: tourism, energy; NI / border region keywords; money value found","To help your business compete successfully and function efficiently we offer support across a variety of areas. Our support is tailored to your needs and includes advice, mentoring and finance",no future deadline or open phrase
2026-06-10T10:43:31+00:00,Support for start-ups with export potential,https://www.investni.com/support-for-business/support-for-start-ups-with-export-potential,Northern Ireland,"EU / international, Northern Ireland, Republic of Ireland","tourism, rural_business, energy",70,"£150,000, £2 million, £250k",,,"5 grant signals; category keywords: tourism, rural_business, energy; NI / border region keywords; money value found",Support for start-ups in Northern Ireland with export potential,no future deadline or open phrase
2026-06-10T10:45:21+00:00,Funding,https://www.heritagefund.org.uk/funding#main-content,UK-wide,UK-wide,heritage,70,"£10,000, £250,000",,,5 grant signals; category keywords: heritage; NI / border region keywords; money value found,Find out how to apply for and manage funding for your project.,no future deadline or open phrase
2026-06-10T10:45:23+00:00,Welcome,https://www.heritagefund.org.uk/,UK-wide,Scotland,heritage,70,"£10,000, £9.5",,,5 grant signals; category keywords: heritage; NI / border region keywords; money value found,"As the largest funder for the UK’s heritage, our vision is for heritage to be valued, cared for and sustained for everyone, now and in the future.",no future deadline or open phrase
2026-06-10T10:45:34+00:00,Strategic initiatives,https://www.heritagefund.org.uk/funding/strategic-initiatives,UK-wide,UK-wide,"biodiversity, heritage",70,"£250,000,, £5m",,,"5 grant signals; category keywords: biodiversity, heritage; NI / border region keywords; money value found",We support and invest in heritage in multiple ways. Find out more about some of our planned interventions and how we’ll deliver them.,no future deadline or open phrase
2026-06-10T10:37:57+00:00,Grow a tourism business,https://www.nibusinessinfo.co.uk/content/funding-support-growing-tourism-business,UK-wide,"EU / international, Northern Ireland, Republic of Ireland","agriculture, biodiversity, water, tourism, rural_business",67,,,,"8 grant signals; category keywords: agriculture, biodiversity, water, tourism, rural_business; NI / border region keywords","Organisations that offer funding and support initiatives for growing a tourism business in Northern Ireland, such as Tourism NI, Invest NI and others.",no future deadline or open phrase
2026-06-10T10:38:42+00:00,Funding programmes,https://www.tnlcommunityfund.org.uk/funding/funding-programmes,UK-wide,"England, Northern Ireland, Republic of Ireland, Scotland, Wales",,67,"£20,000, £20,000,000, £20,000,000,, £20,001, £250,000, £300, £500,000",,,8 grant signals; NI / border region keywords; money value found,Browse all our funding programmes in one place. Filter the list by key criteria to find the right one for you.,no future deadline or open phrase
2026-06-10T10:42:18+00:00,Grow a tourism business,https://www.nibusinessinfo.co.uk/content/funding-support-growing-tourism-business#main-content,UK-wide,"EU / international, Northern Ireland, Republic of Ireland","agriculture, biodiversity, water, tourism, rural_business",67,,,,"8 grant signals; category keywords: agriculture, biodiversity, water, tourism, rural_business; NI / border region keywords","Organisations that offer funding and support initiatives for growing a tourism business in Northern Ireland, such as Tourism NI, Invest NI and others.",no future deadline or open phrase
2026-06-10T10:42:31+00:00,Financial support for social enterprises in Northern Ireland,https://www.nibusinessinfo.co.uk/content/financial-support-social-enterprises-northern-ireland,UK-wide,"EU / international, Northern Ireland, Republic of Ireland","agriculture, biodiversity, water, tourism, rural_business",67,,,,"8 grant signals; category keywords: agriculture, biodiversity, water, tourism, rural_business; NI / border region keywords","Guidance on how to access the right financial support to help a social enterprise grow, strengthen operations, and build long‑term sustainability.",no future deadline or open phrase
2026-06-10T10:43:24+00:00,Innovate UK Knowledge Transfer Partnership scheme,https://www.investni.com/support-for-business/innovation-support/innovate-uk-knowledge-transfer-partnerships,Northern Ireland,"EU / international, Northern Ireland, Republic of Ireland","tourism, energy",67,,,,"8 grant signals; category keywords: tourism, energy; NI / border region keywords","Innovate NI KTP is a subsidised partnership connecting businesses, top graduates, and academic institutions to drive innovation.",no future deadline or open phrase
2026-06-10T10:43:46+00:00,Funding support,https://www.investni.com/support-for-business/funding-support,Northern Ireland,"EU / international, Northern Ireland, Republic of Ireland","biodiversity, tourism, rural_business, energy",67,,,,"8 grant signals; category keywords: biodiversity, tourism, rural_business, energy; NI / border region keywords","Whether you're looking to enhance your operational capabilities, drive innovation, or secure investment for growth, our wide range of funding programmes is here to help you succeed. Explore how we can support your business and unlock new opportunities. Our range of funding support Discover comprehensive funding support to help your business grow.",no future deadline or open phrase
2026-06-10T10:44:02+00:00,Research and development support,https://www.investni.com/support-for-business/research-and-development-support,Northern Ireland,"EU / international, Northern Ireland, Republic of Ireland","biodiversity, tourism, energy",67,"up to £100k, up to £25,000, £100k, £25,000",,,"8 grant signals; category keywords: biodiversity, tourism, energy; NI / border region keywords; money value found; news / publication / search URL penalty","Advance your business with research and development support. Access funding, expertise, and resources for impactful projects that drive innovation and growth.",no future deadline or open phrase
2026-06-10T10:44:09+00:00,Leadership and Capability Development,https://www.investni.com/support-for-business/leadership-and-capability-development,Northern Ireland,"EU / international, Northern Ireland, Republic of Ireland","tourism, energy",67,,,,"8 grant signals; category keywords: tourism, energy; NI / border region keywords",Invest NI’s Leadership and Capability solutions provide Northern Ireland businesses with the opportunity to develop leadership skills and improve the business for future growth.,no future deadline or open phrase
2026-06-10T10:45:42+00:00,Funding programmes,https://www.tnlcommunityfund.org.uk/funding/funding-programmes#main,UK-wide,"England, Northern Ireland, Republic of Ireland, Scotland, Wales",,67,"£20,000, £20,000,000, £20,000,000,, £20,001, £250,000, £300, £500,000",,,8 grant signals; NI / border region keywords; money value found,Browse all our funding programmes in one place. Filter the list by key criteria to find the right one for you.,no future deadline or open phrase
2026-06-10T10:40:21+00:00,Tourism NI Annual Review,https://www.tourismni.com/about/tourism-ni-annual-review/,Northern Ireland,"Northern Ireland, Republic of Ireland","heritage, tourism",66,£11.5m,,,"4 grant signals; category keywords: heritage, tourism; NI / border region keywords; money value found","The Tourism NI Annual Review, celebrates the achievements of another outstanding year for tourism in Northern Ireland.",no future deadline or open phrase
2026-06-10T10:40:25+00:00,"Financial statements, budgets and variance reports",https://www.tourismni.com/about/financial-statements-budgets-and-variance-reports/,Northern Ireland,"Northern Ireland, Republic of Ireland",tourism,66,"£30,000, £500, £63,994",,,4 grant signals; category keywords: tourism; NI / border region keywords; money value found,"Financial information relating to projected and actual income and expenditure, procurement, contracts and financial audit within Tourism NI.",no future deadline or open phrase
2026-06-10T10:42:00+00:00,edp 2020 2021 ,https://www.tourismni.com/globalassets/about-tourism-ni/previous-funding-schemes/capital-funding/edp-2020-2021-.pdf,Northern Ireland,"Northern Ireland, Republic of Ireland","agriculture, heritage, tourism",66,"£111,000.00, £119,824.00 M, £130,400.00, £140,961.00, £144,000.00, £148,950.00, £149,778.40, £15,516.68, £16,000.00, £160,000.00",,,"4 grant signals; category keywords: agriculture, heritage, tourism; NI / border region keywords; money value found","Primary Organisation Grant Value Offered Crumlin Road Gaol Ltd £198,440.00 Finnebrogue Woods £111,000.00 Drenagh Farms Limited £200,000.00 Castle Archdale Boat Hire & Watersports Ltd £75,000.00 Todds Leap Limited £200,000.00 Corralea Activity Centre Ltd. £20,400.00 Dead Centre Tours £6,080.00 Antrim Estates Company £200,000.00 Symphonia Spirits £80,000.00 Landmark East £16,000.00 Taste and Tour £119,824.00 Mid and East Antrim Borough Council £140,961.00 Saint Patrick Visitor Centre Ltd £160,000.00 Echlinville Distillery £200,000.00 Pickie Ltd £160,000.00 Walled City Brewery £200,000.00 Broighter Gold Rapeseed Oil £200,000.00 Maritime Belfast Trust £200,000.00 ICC Belfast £66,400.00 Glenshane",no future deadline or open phrase
2026-06-10T10:43:39+00:00,Explore international markets,https://www.investni.com/support-for-business/explore-international-markets,Northern Ireland,"EU / international, Northern Ireland, Republic of Ireland","biodiversity, tourism, energy",66,£39.8,,,"4 grant signals; category keywords: biodiversity, tourism, energy; NI / border region keywords; money value found",Access expert insights from our global network to get an insider’s view of overseas markets.,no future deadline or open phrase
2026-06-10T10:44:17+00:00,Net zero and the green economy,https://www.investni.com/support-for-business/net-zero-and-the-green-economy,Northern Ireland,"EU / international, Northern Ireland, Republic of Ireland","tourism, energy",66,£26 million,,,"4 grant signals; category keywords: tourism, energy; NI / border region keywords; money value found","We support businesses to help reduce energy consumption and decarbonise their activities, contributing to achieving local and national government net zero energy by 2050 target.",no future deadline or open phrase
2026-06-10T10:44:31+00:00,City and Growth Deals,https://www.investni.com/support-for-business/city-and-growth-deals,Northern Ireland,"EU / international, Northern Ireland, Republic of Ireland","tourism, energy",66,£1.3,,,"4 grant signals; category keywords: tourism, energy; NI / border region keywords; money value found","Discover Northern Ireland's £1.2bn City & Growth Deals: driving innovation, creating jobs & transforming our economy for a prosperous future.",no future deadline or open phrase
2026-06-10T10:44:33+00:00,Regional business network,https://www.investni.com/support-for-business/regional-development/regional-business-network,Northern Ireland,"EU / international, Northern Ireland, Republic of Ireland","biodiversity, tourism, rural_business, energy",66,"up to £45,000, up to £5K, £2.51, £434m, £45 million, £45,000, £5K",,,"4 grant signals; category keywords: biodiversity, tourism, rural_business, energy; NI / border region keywords; money value found","Our Regional Business Network connects businesses across Northern Ireland with the right advice, programmes and local support making it easier for businesses to access guidance, funding and growth opportunities.",no future deadline or open phrase
2026-06-10T10:42:27+00:00,Tourism,https://www.nibusinessinfo.co.uk/content/tourism,UK-wide,"EU / international, Northern Ireland, Republic of Ireland","agriculture, biodiversity, water, tourism, rural_business",63,,,,"7 grant signals; category keywords: agriculture, biodiversity, water, tourism, rural_business; NI / border region keywords","Guidance on starting and growing a tourism business, legal requirements and getting a tourism business certified, quality grading, niche tourism opportunities, selling online and using resources efficiently",no future deadline or open phrase
2026-06-10T10:43:08+00:00,Classifying your goods,https://www.nibusinessinfo.co.uk/content/classifying-your-goods,UK-wide,"EU / international, Northern Ireland, Republic of Ireland","agriculture, biodiversity, water, tourism, rural_business",63,,,,"7 grant signals; category keywords: agriculture, biodiversity, water, tourism, rural_business; NI / border region keywords",Learn how to classify your goods for import and export,no future deadline or open phrase
2026-06-10T10:43:10+00:00,"Food, drink and agriculture",https://www.nibusinessinfo.co.uk/content/food-drink-and-agriculture,UK-wide,"EU / international, England, Northern Ireland, Republic of Ireland, Scotland, Wales","agriculture, forestry, biodiversity, water, tourism, rural_business, horticulture",63,,,,"7 grant signals; category keywords: agriculture, forestry, biodiversity, water, tourism, rural_business, horticulture; NI / border region keywords",Import and export rules in the Food and Agriculture sector,no future deadline or open phrase
2026-06-10T10:43:48+00:00,Offers and claims,https://www.investni.com/support-for-business/offers-and-claims,Northern Ireland,"EU / international, Northern Ireland, Republic of Ireland","tourism, energy",63,,,,"7 grant signals; category keywords: tourism, energy; NI / border region keywords","Access Invest NI’s grant management resources: digital Letter of Offer acceptance, eligible cost policies, and claim submission guidance.",no future deadline or open phrase
2026-06-10T10:44:15+00:00,Video tutorials,https://www.investni.com/support-for-business/video-tutorials,Northern Ireland,"EU / international, Northern Ireland, Republic of Ireland","agriculture, tourism, rural_business, energy",63,,,,"7 grant signals; category keywords: agriculture, tourism, rural_business, energy; NI / border region keywords",Our free online video tutorials cover a range of topics from lean thinking to recruitment and selection to provide you with the tools to help improve your business processes and grow your business.,no future deadline or open phrase
2026-06-10T10:46:24+00:00,ADOPT,https://farminginnovation.ukri.org/adopt/,UK-wide,UK-wide,"agriculture, biodiversity",63,,,,"7 grant signals; category keywords: agriculture, biodiversity; NI / border region keywords","ADOPT The ADOPT Funding Opportunity ADOPT will support collaborative farmer-led, on-farm trials or experiments to generate, test and demonstrate innovative solutions and practices to farming challenges. Project outputs will provide knowledge of new approaches which will be shared to the wider sector to provide confidence for others to adopt. How it works ADOPT has two different types of grants available depending on the needs of the grant applicant: A small Support Grant to access professional assistance from an industry expert to help develop an application to the Full ADOPT Grant .",no future deadline or open phrase
2026-06-10T10:44:52+00:00,Our precious peatlands,https://www.ulsterwildlife.org/saving-our-peatlands,UK-wide,"Cross-border, EU / international, Northern Ireland, Republic of Ireland","agriculture, forestry, biodiversity, water, heritage, tourism",62,€19.2 million,,,"3 grant signals; category keywords: agriculture, forestry, biodiversity, water, heritage, tourism; NI / border region keywords; money value found","We’re working to address the decline in our precious peatlands here in Northern Ireland. We must reverse years of neglect and mismanagement, which will in turn benefit many iconic and under-threat species and tackle the climate crisis.",no future deadline or open phrase
2026-06-10T10:40:35+00:00,Industry associations and bodies,https://www.tourismni.com/about/industry-associations-and-bodies/,Northern Ireland,"Cross-border, EU / international, Northern Ireland, Republic of Ireland","biodiversity, water, heritage, tourism, aquaculture",59,,,,"6 grant signals; category keywords: biodiversity, water, heritage, tourism, aquaculture; NI / border region keywords",Links to a range of tourism industry associations and bodies where you can find more information.,no future deadline or open phrase
2026-06-10T10:42:29+00:00,Local support for start-ups,https://www.nibusinessinfo.co.uk/content/local-support-start-ups,UK-wide,"EU / international, Northern Ireland, Republic of Ireland","agriculture, biodiversity, water, tourism, rural_business",59,,,,"6 grant signals; category keywords: agriculture, biodiversity, water, tourism, rural_business; NI / border region keywords",Guidance on specific forms of support in Northern Ireland for different business types of startup business and entrepreneurs,no future deadline or open phrase
2026-06-10T10:42:36+00:00,Managing suppliers and payments,https://www.nibusinessinfo.co.uk/content/managing-suppliers-and-payments,UK-wide,"EU / international, Northern Ireland, Republic of Ireland","agriculture, biodiversity, water, tourism, rural_business",59,,,,"6 grant signals; category keywords: agriculture, biodiversity, water, tourism, rural_business; NI / border region keywords",Manage your suppliers. Invoicing and payment terms. Getting paid when selling overseas. Credit checking your customers and setting credit limits. Factoring and invoice discounting: the basics. Ensuring customers pay you on time. ...,no future deadline or open phrase
2026-06-10T10:42:41+00:00,Construction Industry Scheme,https://www.nibusinessinfo.co.uk/content/construction-industry-scheme,UK-wide,"EU / international, Northern Ireland, Republic of Ireland","agriculture, biodiversity, water, tourism, rural_business",59,,,,"6 grant signals; category keywords: agriculture, biodiversity, water, tourism, rural_business; NI / border region keywords",Guidance for Northern Ireland businesses on the Construction Industry Scheme including information for contractors and subcontractors and CIS.,no future deadline or open phrase
2026-06-10T10:42:43+00:00,Help and support for the self-employed,https://www.nibusinessinfo.co.uk/content/help-and-support-self-employed,UK-wide,"EU / international, Northern Ireland, Republic of Ireland","agriculture, biodiversity, water, tourism, rural_business",59,,,,"6 grant signals; category keywords: agriculture, biodiversity, water, tourism, rural_business; NI / border region keywords",Help and support from HM Revenue and Customs (HMRC) on self-employment.,no future deadline or open phrase
2026-06-10T10:42:48+00:00,Environmental obligations and support,https://www.nibusinessinfo.co.uk/content/environmental-obligations-and-support,UK-wide,"EU / international, Northern Ireland, Republic of Ireland","agriculture, biodiversity, water, tourism, rural_business",59,,,,"6 grant signals; category keywords: agriculture, biodiversity, water, tourism, rural_business; NI / border region keywords",Guides detailing the legal responsibilities which your business has to reduce its impact on the environment,no future deadline or open phrase
2026-06-10T10:42:50+00:00,Renewable and low carbon energy options,https://www.nibusinessinfo.co.uk/content/renewable-and-low-carbon-energy-options,UK-wide,"EU / international, Northern Ireland, Republic of Ireland","agriculture, biodiversity, water, tourism, rural_business, energy",59,,,,"6 grant signals; category keywords: agriculture, biodiversity, water, tourism, rural_business, energy; NI / border region keywords",Guides detailing options for your business to switch to renewable sources of energy,no future deadline or open phrase
2026-06-10T10:42:53+00:00,Electrical and electronic equipment manufacturing,https://www.nibusinessinfo.co.uk/content/electrical-and-electronic-equipment-manufacturing,UK-wide,"EU / international, Northern Ireland, Republic of Ireland","agriculture, biodiversity, water, tourism, rural_business",59,,,,"6 grant signals; category keywords: agriculture, biodiversity, water, tourism, rural_business; NI / border region keywords",Guides which deal with environmental best practice and legal responsibilities around electrical and electronic equipment,no future deadline or open phrase
2026-06-10T10:42:57+00:00,"Offices, retail and hospitality",https://www.nibusinessinfo.co.uk/content/offices-retail-and-hospitality,UK-wide,"EU / international, Northern Ireland, Republic of Ireland","agriculture, biodiversity, water, tourism, rural_business",59,,,,"6 grant signals; category keywords: agriculture, biodiversity, water, tourism, rural_business; NI / border region keywords",Guides detailing best practice and legal responsibilities for retail businesses and offices on waste and resource efficiency,no future deadline or open phrase
2026-06-10T10:43:00+00:00,"Security, fire and flood protection for business property",https://www.nibusinessinfo.co.uk/content/security-fire-and-flood-protection-business-property,UK-wide,"EU / international, Northern Ireland, Republic of Ireland","agriculture, biodiversity, water, tourism, rural_business",59,,,,"6 grant signals; category keywords: agriculture, biodiversity, water, tourism, rural_business; NI / border region keywords","Best practice guidance for Northern Ireland businesses to minimise the risks from crime, fire, and flooding in commercial properties.",no future deadline or open phrase
2026-06-10T10:43:04+00:00,Software and business applications,https://www.nibusinessinfo.co.uk/content/software-and-business-applications,UK-wide,"EU / international, Northern Ireland, Republic of Ireland","agriculture, biodiversity, water, tourism, rural_business",59,,,,"6 grant signals; category keywords: agriculture, biodiversity, water, tourism, rural_business; NI / border region keywords","Information on using databases in business, open source, cloud technologies and specific types of software that can help you streamline your accounting, payroll and customer management",no future deadline or open phrase
2026-06-10T10:43:18+00:00,Lakeland Dairies announces £24.5 million investment to support growth and exports,https://www.investni.com/media-centre/news/lakeland-dairies-announces-ps245-million-investment-support-growth-and-exports,Northern Ireland,"EU / international, Northern Ireland, Republic of Ireland","tourism, energy",59,"£1.9m, £2.5m, £24.5 million, £5m",,,"6 grant signals; category keywords: tourism, energy; NI / border region keywords; money value found; news / publication / search URL penalty",Economy Minister Dr Caoimhe Archibald has announced a major £24.5 million investment by Ballyrashane-based Lakeland Dairies.,no future deadline or open phrase
2026-06-10T10:44:12+00:00,Training support,https://www.investni.com/support-for-business/training-support,Northern Ireland,"EU / international, Northern Ireland, Republic of Ireland","tourism, energy",59,,,,"6 grant signals; category keywords: tourism, energy; NI / border region keywords","Invest in staff training with our skills support to boost employee expertise, motivation and feedback for business growth.",no future deadline or open phrase
2026-06-10T10:44:26+00:00,Property solutions,https://www.investni.com/support-for-business/property-solutions,Northern Ireland,"EU / international, Northern Ireland, Republic of Ireland","biodiversity, tourism, energy",59,,,,"6 grant signals; category keywords: biodiversity, tourism, energy; NI / border region keywords","Find tailored property solutions to boost business growth, with financial support, rentals, searches, and the Regional Property Programme",no future deadline or open phrase
2026-06-10T10:45:26+00:00,What we fund,https://www.heritagefund.org.uk/funding/what-we-fund,UK-wide,UK-wide,"biodiversity, heritage, rural_business",59,,,,"6 grant signals; category keywords: biodiversity, heritage, rural_business; NI / border region keywords","Find out what heritage we support, and what you can spend the money on.",no future deadline or open phrase
2026-06-10T10:45:54+00:00,National Lottery Awards for All England – Environment,https://www.tnlcommunityfund.org.uk/funding/funding-programmes/national-lottery-awards-for-all-england-environment,UK-wide,England,,59,"£20,000, £300",,,6 grant signals; NI / border region keywords; money value found,"We fund community-led projects that tackle the climate and nature emergency, improve the environment, and help people connect with and enjoy nature locally.",no future deadline or open phrase
2026-06-10T10:40:07+00:00,Tourism Northern Ireland's role and responsibilities,https://www.tourismni.com/about/roles-and-responsibilities/,Northern Ireland,"EU / international, Northern Ireland, Republic of Ireland","biodiversity, tourism, rural_business",55,,,,"5 grant signals; category keywords: biodiversity, tourism, rural_business; NI / border region keywords","Tourism NI as an organisation is responsible for the development of tourism and the marketing of Northern Ireland as a tourist destination to domestic tourists,",no future deadline or open phrase
2026-06-10T10:40:18+00:00,Visitor Information Plan,https://www.tourismni.com/about/visitor-information-plan/,Northern Ireland,"EU / international, Northern Ireland, Republic of Ireland","biodiversity, tourism",55,,,,"5 grant signals; category keywords: biodiversity, tourism; NI / border region keywords",The Visitor Information Plan for NI seeks to maximise the potential opportunities of the changing scope of visitor information and the opportunities provided by the existing Visitor Information Centre network.,no future deadline or open phrase
2026-06-10T10:40:31+00:00,Customer Focus,https://www.tourismni.com/about/customer-focus/,Northern Ireland,"Northern Ireland, Republic of Ireland","biodiversity, tourism",55,,,,"5 grant signals; category keywords: biodiversity, tourism; NI / border region keywords",Customer Charter and Customer Service Standards have been developed to inform our customers of the service they are entitled to when dealing with Tourism NI.,no future deadline or open phrase
2026-06-10T10:43:29+00:00,Support for start-ups,https://www.investni.com/support-for-business/support-for-start-ups,Northern Ireland,"EU / international, Northern Ireland, Republic of Ireland","biodiversity, tourism, rural_business, energy",55,,,,"5 grant signals; category keywords: biodiversity, tourism, rural_business, energy; NI / border region keywords",Find out support available for local start-ups in Northern Ireland,no future deadline or open phrase
2026-06-10T10:43:51+00:00,Digitalisation solutions,https://www.investni.com/support-for-business/digitalisation-solutions,Northern Ireland,"EU / international, Northern Ireland, Republic of Ireland","biodiversity, tourism, energy",55,,,,"5 grant signals; category keywords: biodiversity, tourism, energy; NI / border region keywords","Get tailored ICT, e-commerce, and MIS support from Invest NI to boost productivity, efficiency, and growth through digital transformation solutions.",no future deadline or open phrase
2026-06-10T10:43:59+00:00,Protect your intellectual property,https://www.investni.com/support-for-business/protect-your-intellectual-property,Northern Ireland,"EU / international, Northern Ireland, Republic of Ireland","biodiversity, tourism, energy",55,,,,"5 grant signals; category keywords: biodiversity, tourism, energy; NI / border region keywords","Protect your intellectual property with our expert advice on patents, trademarks, copyrights, and financial assistance for IP protection.",no future deadline or open phrase
2026-06-10T10:44:04+00:00,Clustering and Collaboration,https://www.investni.com/support-for-business/clustering-and-collaboration,Northern Ireland,"EU / international, Northern Ireland, Republic of Ireland","tourism, energy",55,,,,"5 grant signals; category keywords: tourism, energy; NI / border region keywords","Access funding, expert guidance, and collaboration opportunities to boost your business growth and innovation.",no future deadline or open phrase
2026-06-10T10:44:07+00:00,HR advice,https://www.investni.com/support-for-business/hr-advice,Northern Ireland,"EU / international, Northern Ireland, Republic of Ireland","tourism, energy",55,,,,"5 grant signals; category keywords: tourism, energy; NI / border region keywords",Need expert advice on handling staff issues? Our People Solutions Advisors provide guidance on all aspects of human resource management and run practical workshops.,no future deadline or open phrase
2026-06-10T10:45:05+00:00,Which wildlife species are you banking on for our new bank notes?,https://www.ulsterwildlife.org/blog/comms-marketing-team/which-wildlife-species-are-you-banking-our-new-bank-notes,UK-wide,"England, Northern Ireland, Republic of Ireland","agriculture, forestry, biodiversity, water, tourism, aquaculture",54,"£10,, £20, £5,, £50",,,"1 grant signals; category keywords: agriculture, forestry, biodiversity, water, tourism, aquaculture; NI / border region keywords; money value found","From hedgehogs and barn owls to puffins and pine martens, the public vote is now open to help decide which species could feature on future UK banknotes.",no future deadline or open phrase
2026-06-10T10:39:25+00:00,TAMS 3,https://www.gov.ie/en/department-of-agriculture-food-and-the-marine/collections/tams-3/,Republic of Ireland,Republic of Ireland,"agriculture, rural_business, aquaculture, energy",51,,,,"4 grant signals; category keywords: agriculture, rural_business, aquaculture, energy; NI / border region keywords",Targeted Agriculture Modernisation Schemes (TAMS 3) provide grants to farmers to build and/or improve a specified range of farm buildings and equipment on their holding.,no future deadline or open phrase
2026-06-10T10:39:54+00:00,Funding opportunities under Horizon Europe Calls 2026,https://eu-cap-network.ec.europa.eu/publications/funding-opportunities-under-horizon-europe-calls-2026_en,EU / international,"EU / international, Northern Ireland",agriculture,51,"€ 9, € 95.5",,,4 grant signals; category keywords: agriculture; NI / border region keywords; money value found; news / publication / search URL penalty,"Publication - Brochures | 11 Dec 2025 Funding opportunities under Horizon Europe Calls 2026 Innovation, knowledge exchange & EIP-AGRI Research & Innovation This brochure outlines key topics in Horizon Europe Cluster 6, including the multi-actor approach and relevant topics from the Mission Soil. Programming period: 2023-2027 Download Horizon Europe , the EU’s key funding programme for research and innovation (R&I), has a budget of € 95.5 billion, of which around € 9 billion is dedicated to Cluster 6: ‘Food, Bioeconomy, Natural Resources, Agriculture and Environment’ for the period 2021-2027. Through Cluster 6, Horizon Europe aims to support R&I projects that develop knowledge and innovative ",no future deadline or open phrase
2026-06-10T10:40:00+00:00,About us,https://www.tourismni.com/about/introduction/,Northern Ireland,"Northern Ireland, Republic of Ireland",tourism,51,,,,4 grant signals; category keywords: tourism; NI / border region keywords,"Find out more about how Tourism NI develops, supports and markets tourism in Northern Ireland and how we can work with your tourism business.",no future deadline or open phrase
2026-06-10T10:40:03+00:00,About us,https://www.tourismni.com/about/introduction/,Northern Ireland,"Northern Ireland, Republic of Ireland",tourism,51,,,,4 grant signals; category keywords: tourism; NI / border region keywords,"Find out more about how Tourism NI develops, supports and markets tourism in Northern Ireland and how we can work with your tourism business.",no future deadline or open phrase
2026-06-10T10:40:11+00:00,Strategic Documents,https://www.tourismni.com/about/strategic-documents/,Northern Ireland,"Northern Ireland, Republic of Ireland",tourism,51,,,,4 grant signals; category keywords: tourism; NI / border region keywords,Discover our strategic documents that set the context for Tourism NI&#39;s corporate objectives and the strategic direction for the local tourism industry.,no future deadline or open phrase
2026-06-10T10:40:14+00:00,Organisation Structure,https://www.tourismni.com/about/organisation-structure/,Northern Ireland,"Northern Ireland, Republic of Ireland",tourism,51,,,,4 grant signals; category keywords: tourism; NI / border region keywords,"Find out the different roles &amp; functions that our Board, Senior Management, Departments &amp; Teams play in building tourism industry in Northern Ireland.",no future deadline or open phrase
2026-06-10T10:40:28+00:00,Governance,https://www.tourismni.com/about/governance/,Northern Ireland,"Northern Ireland, Republic of Ireland","biodiversity, tourism",51,,,,"4 grant signals; category keywords: biodiversity, tourism; NI / border region keywords",The corporate governance of Tourism NI is subject to specific rules and procedures as detailed in the Management Statement and Financial Memorandum.,no future deadline or open phrase
2026-06-10T10:41:03+00:00,https://www.tourismni.com/globalassets/about-tourism-ni/previous-funding-schemes/25-26-successful-schemes/2025-26-successful-events-tourism-event-funding-programme.xlsx,https://www.tourismni.com/globalassets/about-tourism-ni/previous-funding-schemes/25-26-successful-schemes/2025-26-successful-events-tourism-event-funding-programme.xlsx,Northern Ireland,Northern Ireland,tourism,51,,,,4 grant signals; category keywords: tourism; NI / border region keywords,"PK     ! �:|�  �   [Content_Types].xml �(�                                                                                                                                                                                                                                                                                                                                                                                                                                                                                                                                 �UKK1� ��%W�>�n=�8���׸�vC�""3���;�j��e�x�e������ .f����_�ò/ �u�Ə+��x�;��Z��s@q1��<�#`�� +��s)�n�),C�;���""�LcU=Qc�G�����'",no future deadline or open phrase
2026-06-10T10:41:05+00:00,https://www.tourismni.com/globalassets/about-tourism-ni/previous-funding-schemes/events-funding/2024-25-successful-events-tourism-event-funding-programme.xlsx,https://www.tourismni.com/globalassets/about-tourism-ni/previous-funding-schemes/events-funding/2024-25-successful-events-tourism-event-funding-programme.xlsx,Northern Ireland,Northern Ireland,tourism,51,,,,4 grant signals; category keywords: tourism; NI / border region keywords,"PK     ! �:|�  �   [Content_Types].xml �(�                                                                                                                                                                                                                                                                                                                                                                                                                                                                                                                                 �UKK1� ��%W�>�n=�8���׸�vC�""3���;�j��e�x�e������ .f����_�ò/ �u�Ə+��x�;��Z��s@q1��<�#`�� +��s)�n�),C�;���""�LcU=Qc�G�����'",no future deadline or open phrase
2026-06-10T10:41:08+00:00,https://www.tourismni.com/globalassets/about-tourism-ni/previous-funding-schemes/events-funding/2023-24-successful-events-tourism-event-funding-programme.xlsx,https://www.tourismni.com/globalassets/about-tourism-ni/previous-funding-schemes/events-funding/2023-24-successful-events-tourism-event-funding-programme.xlsx,Northern Ireland,Northern Ireland,tourism,51,,,,4 grant signals; category keywords: tourism; NI / border region keywords,"PK     !  �yR�      [Content_Types].xml �(�                                                                                                                                                                                                                                                                                                                                                                                                                                                                                                                                 ̖MO�0��+� ""_Q���PS� $@�j�ic�_�L���3q�B��T�P/�g����G��������+qT�E���q% ���E���V6x�� P\~ ���h��h�⅔X7��!��QHN?������1��~�",no future deadline or open phrase
2026-06-10T10:41:10+00:00,https://www.tourismni.com/globalassets/about-tourism-ni/previous-funding-schemes/events-funding/2022-23-successful-events-tourism-event-funding-programme.xlsx,https://www.tourismni.com/globalassets/about-tourism-ni/previous-funding-schemes/events-funding/2022-23-successful-events-tourism-event-funding-programme.xlsx,Northern Ireland,England,tourism,51,,,,4 grant signals; category keywords: tourism; NI / border region keywords,"PK     !  �yR�      [Content_Types].xml �(�                                                                                                                                                                                                                                                                                                                                                                                                                                                                                                                                 ̖MO�0��+� ""_Q���PS� $@�j�ic�_�L���3q�B��T�P/�g����G��������+qT�E���q% ���E���V6x�� P\~ ���h��h�⅔X7��!��QHN?������1��~�",no future deadline or open phrase
2026-06-10T10:41:13+00:00,https://www.tourismni.com/globalassets/about-tourism-ni/previous-funding-schemes/events-funding/2021-22-successful-events-tourism-event-funding-programme.xlsx,https://www.tourismni.com/globalassets/about-tourism-ni/previous-funding-schemes/events-funding/2021-22-successful-events-tourism-event-funding-programme.xlsx,Northern Ireland,Northern Ireland,tourism,51,,,,4 grant signals; category keywords: tourism; NI / border region keywords,"PK     !  �yR�      [Content_Types].xml �(�                                                                                                                                                                                                                                                                                                                                                                                                                                                                                                                                 ̖MO�0��+� ""_Q���PS� $@�j�ic�_�L���3q�B��T�P/�g����G��������+qT�E���q% ���E���V6x�� P\~ ���h��h�⅔X7��!��QHN?������1��~�",no future deadline or open phrase
2026-06-10T10:41:15+00:00,https://www.tourismni.com/globalassets/about-tourism-ni/previous-funding-schemes/events-funding/2020-21-successful-events-tourism-event-funding-programme.xlsx,https://www.tourismni.com/globalassets/about-tourism-ni/previous-funding-schemes/events-funding/2020-21-successful-events-tourism-event-funding-programme.xlsx,Northern Ireland,Northern Ireland,tourism,51,,,,4 grant signals; category keywords: tourism; NI / border region keywords,"PK     !  �yR�      [Content_Types].xml �(�                                                                                                                                                                                                                                                                                                                                                                                                                                                                                                                                 ̖MO�0��+� ""_Q���PS� $@�j�ic�_�L���3q�B��T�P/�g����G��������+qT�E���q% ���E���V6x�� P\~ ���h��h�⅔X7��!��QHN?������1��~�",no future deadline or open phrase
2026-06-10T10:41:18+00:00,https://www.tourismni.com/globalassets/about-tourism-ni/previous-funding-schemes/events-funding/2019-20-successful-events-tourism-event-funding-programme.xlsx,https://www.tourismni.com/globalassets/about-tourism-ni/previous-funding-schemes/events-funding/2019-20-successful-events-tourism-event-funding-programme.xlsx,Northern Ireland,Northern Ireland,tourism,51,,,,4 grant signals; category keywords: tourism; NI / border region keywords,"PK     !  �yR�      [Content_Types].xml �(�                                                                                                                                                                                                                                                                                                                                                                                                                                                                                                                                 ̖MO�0��+� ""_Q���PS� $@�j�ic�_�L���3q�B��T�P/�g����G��������+qT�E���q% ���E���V6x�� P\~ ���h��h�⅔X7��!��QHN?������1��~�",no future deadline or open phrase
2026-06-10T10:41:20+00:00,https://www.tourismni.com/globalassets/about-tourism-ni/previous-funding-schemes/events-funding/2018-19-successful-events-tourism-event-funding-programme.xlsx,https://www.tourismni.com/globalassets/about-tourism-ni/previous-funding-schemes/events-funding/2018-19-successful-events-tourism-event-funding-programme.xlsx,Northern Ireland,Northern Ireland,tourism,51,,,,4 grant signals; category keywords: tourism; NI / border region keywords,"PK     !  �yR�      [Content_Types].xml �(�                                                                                                                                                                                                                                                                                                                                                                                                                                                                                                                                 ̖MO�0��+� ""_Q���PS� $@�j�ic�_�L���3q�B��T�P/�g����G��������+qT�E���q% ���E���V6x�� P\~ ���h��h�⅔X7��!��QHN?������1��~�",no future deadline or open phrase
2026-06-10T10:41:23+00:00,https://www.tourismni.com/globalassets/about-tourism-ni/previous-funding-schemes/events-funding/2017-18-successful-events-tourism-events-funding-programme.xlsx,https://www.tourismni.com/globalassets/about-tourism-ni/previous-funding-schemes/events-funding/2017-18-successful-events-tourism-events-funding-programme.xlsx,Northern Ireland,Northern Ireland,tourism,51,,,,4 grant signals; category keywords: tourism; NI / border region keywords,"PK     !  �yR�      [Content_Types].xml �(�                                                                                                                                                                                                                                                                                                                                                                                                                                                                                                                                 ̖MO�0��+� ""_Q���PS� $@�j�ic�_�L���3q�B��T�P/�g����G��������+qT�E���q% ���E���V6x�� P\~ ���h��h�⅔X7��!��QHN?������1��~�",no future deadline or open phrase
2026-06-10T10:42:15+00:00,https://www.tourismni.com/globalassets/about-tourism-ni/previous-funding-schemes/capital-funding/2019-payments-by-financial-year.xlsx,https://www.tourismni.com/globalassets/about-tourism-ni/previous-funding-schemes/capital-funding/2019-payments-by-financial-year.xlsx,Northern Ireland,Northern Ireland,tourism,51,,,,4 grant signals; category keywords: tourism; NI / border region keywords,"PK     ! �]� �  �    [Content_Types].xml �(�                                                                                                                                                                                                                                                                                                                                                                                                                                                                                                                                 ̖�O�0��'���:5.�!��������j�kcտ仲���Ņ M��^%�}��;�bO.V�V���߈�z,*�m������jt&*$嵲�C#ր�b����v +��؈�(�K�mNa ""x ����c�˨څ��< �Oe<�",no future deadline or open phrase
2026-06-10T10:43:34+00:00,Dual Market Access,https://www.investni.com/support-for-business/dual-market-access,Northern Ireland,"EU / international, Northern Ireland, Republic of Ireland","tourism, energy",51,,,,"4 grant signals; category keywords: tourism, energy; NI / border region keywords","Dual market access allows businesses in Northern Ireland to trade goods freely with both Great Britain and the European Union, offering businesses a competitive advantage in both markets.",no future deadline or open phrase
2026-06-10T10:43:44+00:00,Research companies and new markets,https://www.investni.com/support-for-business/research-companies-and-new-markets,Northern Ireland,"EU / international, Northern Ireland, Republic of Ireland","tourism, energy",51,"up to £45,000, £45,000",,,"4 grant signals; category keywords: tourism, energy; NI / border region keywords; money value found; news / publication / search URL penalty","We can help identify the best markets for your business, identify competitors, and find reliable export partners, saving time and money by providing in-depth information and guidance on how to break into new markets.",no future deadline or open phrase
2026-06-10T10:44:58+00:00,News,https://www.ulsterwildlife.org/news,UK-wide,"Cross-border, England, Northern Ireland, Republic of Ireland","agriculture, forestry, biodiversity, water, tourism, aquaculture",51,"£850K, €19.2 million",,,"4 grant signals; category keywords: agriculture, forestry, biodiversity, water, tourism, aquaculture; NI / border region keywords; money value found; news / publication / search URL penalty","Keep up to date with the latest stories, research, projects and challenges as we work to tackle the climate and nature crisis.",no future deadline or open phrase
2026-06-10T10:45:12+00:00,Let Nature In,https://www.ulsterwildlife.org/let-nature-in,UK-wide,"Northern Ireland, Republic of Ireland",biodiversity,50,"£5,",,,category keywords: biodiversity; NI / border region keywords; money value found,"Sign up now to 'Let Nature In' to your garden and download your FREE starter pack, full of tips and advice to welcome wildlife to your outdoor space.",no future deadline or open phrase
2026-06-10T10:41:00+00:00,https://www.tourismni.com/globalassets/about-tourism-ni/previous-funding-schemes/events-funding/sample-economic-calculator.xlsx,https://www.tourismni.com/globalassets/about-tourism-ni/previous-funding-schemes/events-funding/sample-economic-calculator.xlsx,Northern Ireland,Northern Ireland,tourism,47,,,,3 grant signals; category keywords: tourism; NI / border region keywords,"PK     ! �B|{�     [Content_Types].xml �(�                                                                                                                                                                                                                                                                                                                                                                                                                                                                                                                                 �U�k�0 �0z-���q�Э�k�-�U�.����]���YiC)i2c�^ll�~ w���j�]� m �8�������aوǇ��wQ!�`���W�_f�Xqt�F�D釔�[� � ��""f��?�R&�Wj �b:��:",no future deadline or open phrase
2026-06-10T10:44:50+00:00,Native Oysters,https://www.ulsterwildlife.org/native-oysters,UK-wide,"Northern Ireland, Republic of Ireland","agriculture, biodiversity, water, heritage, aquaculture",47,,,,"3 grant signals; category keywords: agriculture, biodiversity, water, heritage, aquaculture; NI / border region keywords",Find out how we're helping to bring back Northern Ireland's native oysters.,no future deadline or open phrase
2026-06-10T10:45:07+00:00,Local wool put to the test in innovative peatland restoration trial,https://www.ulsterwildlife.org/news/local-wool-put-test-innovative-peatland-restoration-trial,UK-wide,"EU / international, England, Northern Ireland, Republic of Ireland, Scotland","agriculture, forestry, biodiversity, water",47,£850K,,,"3 grant signals; category keywords: agriculture, forestry, biodiversity, water; NI / border region keywords; money value found; news / publication / search URL penalty",A new peatland restoration trial at Slievenanee Mountain in the Antrim Hills is exploring whether locally sourced wool can help restore damaged blanket bog.,no future deadline or open phrase
2026-06-10T10:39:57+00:00,Fleadh Cheoil na hÉireann - Belfast 2026,https://www.tourismni.com/,Northern Ireland,"Northern Ireland, Republic of Ireland","tourism, rural_business",43,,,,"2 grant signals; category keywords: tourism, rural_business; NI / border region keywords","Tourism NI is responsible for the development of tourism and the marketing of Northern Ireland as a tourist destination to domestic tourists, from within Northern Ireland and to visitors from the Republic of Ireland.",no future deadline or open phrase
2026-06-10T10:41:49+00:00,Northern Ireland - Embrace a Giant Spirit,https://www.tourismni.com/business-guidance/sector/activities-attractions/activities-and-attractions-trends-and-opportunities/northern-ireland-embrace-a-giant-spirit/,Northern Ireland,"EU / international, Northern Ireland, Republic of Ireland","biodiversity, tourism",43,,,,"2 grant signals; category keywords: biodiversity, tourism; NI / border region keywords",Activities & attractions Activities & attractions - trends and opportunities Northern Ireland - Embrace a Giant Spirit Contents NI Domestic Market Review Trends and Innovations Post Covid Northern Ireland - Embrace a Giant Spirit Develop your Experience Get involved in our digital and social media channels Latest Innovations & Insights Trends in the Outdoors Focus on Recent Capital Developments Contents NI Domestic Market Review Trends and Innovations Post Covid Northern Ireland - Embrace a Giant Spirit Develop your Experience Get involved in our digital and social media channels Latest Innovations & Insights Trends in the Outdoors Focus on Recent Capital Developments Northern Ireland - Embr,no future deadline or open phrase
2026-06-10T10:44:46+00:00,Join Us,https://www.ulsterwildlife.org/join,UK-wide,"Northern Ireland, Republic of Ireland","biodiversity, tourism",43,,,,"2 grant signals; category keywords: biodiversity, tourism; NI / border region keywords","Join Us Share facebook email linkedin whatsapp Join us today to help BRING NATURE BACK Membership Options Click on a circle below to choose the membership type that suits you. We need to restore nature at a local and global scale, on land and at sea and it needs to start now. By joining Ulster Wildlife, you can help BRING NATURE BACK and enjoy and protect the wildlife and wild places that you love - for now and forever.",no future deadline or open phrase
2026-06-10T10:44:54+00:00,AGM 2026,https://www.ulsterwildlife.org/agm2026,UK-wide,"Northern Ireland, Republic of Ireland",biodiversity,43,,,,2 grant signals; category keywords: biodiversity; NI / border region keywords,Ulster Wildlife Annual General Meeting and Members' Day 2025,no future deadline or open phrase
2026-06-10T10:44:56+00:00,Join Us,https://www.ulsterwildlife.org/join,UK-wide,"Northern Ireland, Republic of Ireland","biodiversity, tourism",43,,,,"2 grant signals; category keywords: biodiversity, tourism; NI / border region keywords","Join Us Share facebook email linkedin whatsapp Join us today to help BRING NATURE BACK Membership Options Click on a circle below to choose the membership type that suits you. We need to restore nature at a local and global scale, on land and at sea and it needs to start now. By joining Ulster Wildlife, you can help BRING NATURE BACK and enjoy and protect the wildlife and wild places that you love - for now and forever.",no future deadline or open phrase
2026-06-10T10:45:01+00:00,Blogs,https://www.ulsterwildlife.org/blog,UK-wide,"EU / international, England, Northern Ireland","agriculture, biodiversity, water, tourism, aquaculture",43,,,,"2 grant signals; category keywords: agriculture, biodiversity, water, tourism, aquaculture; NI / border region keywords","No matter what your interest, whether it be farming, gardening or marine life, we have a blog for you! All our blogs are written by people with a passion for nature.",no future deadline or open phrase
2026-06-10T10:45:03+00:00,"Summer comes to Fedian: wildlife discoveries, marsh fritillaries and Springwatch",https://www.ulsterwildlife.org/blog/giles-knight/summer-comes-fedian-wildlife-discoveries-marsh-fritillaries-and-springwatch,UK-wide,"Northern Ireland, Republic of Ireland","agriculture, forestry, biodiversity, tourism",43,,,,"2 grant signals; category keywords: agriculture, forestry, biodiversity, tourism; NI / border region keywords","Summer has arrived at Fedian Nature Reserve, in Fermanagh, bringing new discoveries, scientific research and national media attention. Join Giles Knight as heat-detecting drones reveal the reserve's secret nightlife, marsh fritillaries take centre stage, and BBC Springwatch comes calling to one of Fermanagh's most remarkable landscapes.",no future deadline or open phrase
2026-06-10T10:38:33+00:00,Homepage,https://www.ulsterwildlife.org/,UK-wide,Northern Ireland,"biodiversity, heritage",39,,,,"1 grant signals; category keywords: biodiversity, heritage; NI / border region keywords","Homepage Share facebook email linkedin whatsapp Terry Whittaker/2020VISION Spotted a squirrel or pine marten? Report sighting image/svg+xml 14,000 members (https://www.ulsterwildlife.org/join-us) 21 nature reserves managed for wildlife (https://www.ulsterwildlife.org/nature-reserves) 4,000 native oysters across four nurseries (https://www.ulsterwildlife.org/native-oysters) 125 ha of peatland restored in 2025 (https://www.ulsterwildlife.org/saving-our-peatlands) TJELLIS Members' Day and AGM 2026 Join us for our annual celebration of our members and local nature! Book now The Wildlife Trusts play a very important part in protecting our natural heritage.",no future deadline or open phrase
2026-06-10T10:44:41+00:00,Homepage,https://www.ulsterwildlife.org/#main-content,UK-wide,Northern Ireland,"biodiversity, heritage",39,,,,"1 grant signals; category keywords: biodiversity, heritage; NI / border region keywords","Homepage Share facebook email linkedin whatsapp Terry Whittaker/2020VISION Spotted a squirrel or pine marten? Report sighting image/svg+xml 14,000 members (https://www.ulsterwildlife.org/join-us) 21 nature reserves managed for wildlife (https://www.ulsterwildlife.org/nature-reserves) 4,000 native oysters across four nurseries (https://www.ulsterwildlife.org/native-oysters) 125 ha of peatland restored in 2025 (https://www.ulsterwildlife.org/saving-our-peatlands) TJELLIS Members' Day and AGM 2026 Join us for our annual celebration of our members and local nature! Book now The Wildlife Trusts play a very important part in protecting our natural heritage.",no future deadline or open phrase
2026-06-10T10:44:44+00:00,Report your wildlife sightings,https://www.ulsterwildlife.org/report-sightings,UK-wide,"Northern Ireland, Republic of Ireland",biodiversity,39,,,,1 grant signals; category keywords: biodiversity; NI / border region keywords,"Submit your sightings of barn owls, red squirrels and skates so we can help protect them.",no future deadline or open phrase
2026-06-10T10:45:14+00:00,Volunteer for wildlife,https://www.ulsterwildlife.org/volunteer,UK-wide,"Northern Ireland, Republic of Ireland","agriculture, biodiversity, tourism, rural_business",39,,,,"1 grant signals; category keywords: agriculture, biodiversity, tourism, rural_business; NI / border region keywords",Donate your time and skills to help local wildlife. See our current volunteering opportunities.,no future deadline or open phrase
2026-06-10T10:44:48+00:00,Find a nature reserve,https://www.ulsterwildlife.org/nature-reserves,UK-wide,"Northern Ireland, Republic of Ireland","agriculture, forestry, biodiversity, water",35,,,,"category keywords: agriculture, forestry, biodiversity, water; NI / border region keywords","Most people live within a few miles of a Wildlife Trust nature reserve. From ancient woodlands to meadows and wetlands, they’re just waiting to be explored.",no future deadline or open phrase
2026-06-10T10:45:16+00:00,Events,https://www.ulsterwildlife.org/events,UK-wide,UK-wide,biodiversity,35,,,,category keywords: biodiversity; NI / border region keywords,"Upcoming events at Ulster Wildlife, including nature talks and walks.",no future deadline or open phrase
2026-06-10T10:39:28+00:00,Forestry Grants and Schemes,https://www.gov.ie/en/department-of-agriculture-food-and-the-marine/publications/forestry-grants-and-schemes/,Republic of Ireland,"Northern Ireland, Republic of Ireland","agriculture, forestry, biodiversity, aquaculture",32,,,,"8 grant signals; category keywords: agriculture, forestry, biodiversity, aquaculture; NI / border region keywords; matched open phrase; news / publication / search URL penalty; closed phrase found","Learn about afforestation and planting, grants, payment, qualifications, licence issues and the full list of schemes on how to plant trees in Ireland",closed phrase found
2026-06-10T10:43:36+00:00,Exhibitions and trade missions,https://www.investni.com/support-for-business/exhibitions-and-trade-missions,Northern Ireland,Northern Ireland,,24,,,,1 grant signals; NI / border region keywords,"Whether you’re new to exporting or looking to expand your international customer base, our comprehensive calendar of local and international activity could open a world of opportunity for your business.",score too low
2026-06-10T10:45:19+00:00,Find a grant,https://www.find-government-grants.service.gov.uk/?searchTerm=,UK-wide,UK-wide,,24,,,,6 grant signals,Find a grant Find a grant is a service that allows you to search government grants. You can use this service to: access government grant funding search and filter to find a grant that matches your needs find out if you are eligible to apply for a grant find out how to apply for a grant Browse all grants See a list of all grants. Browse grants The future of Find a grant More grants will be added as we develop our service.,score too low
2026-06-10T10:39:35+00:00,Welcome to Catchments.ie - Water from source to sea.,https://www.catchments.ie/,Republic of Ireland,Republic of Ireland,water,15,,,,category keywords: water,"Catchments.ie shares science and stories about water in Ireland from source to sea. Find out the water quality of your local river, lake or coastal water.",score too low
2026-06-10T10:38:36+00:00,"Searching for all grants, 109 results - Find a grant",https://www.find-government-grants.service.gov.uk/grants,UK-wide,UK-wide,,4,,,,1 grant signals,,score too low
2026-06-10T10:36:08+00:00,,https://www.daera-ni.gov.uk/topics/grants-and-funding,Northern Ireland,,,0,,,,,,request failed: 503 Server Error: Service Unavailable for url: https://www.daera-ni.gov.uk/topics/grants-and-funding
2026-06-10T10:36:30+00:00,,https://www.daera-ni.gov.uk/articles/agricultural-environmental-scheme-details,Northern Ireland,,,0,,,,,,request failed: 503 Server Error: Service Unavailable for url: https://www.daera-ni.gov.uk/articles/agricultural-environmental-scheme-details
2026-06-10T10:36:53+00:00,,https://www.daera-ni.gov.uk/articles/daera-forestry-grants,Northern Ireland,,,0,,,,,,request failed: 503 Server Error: Service Unavailable for url: https://www.daera-ni.gov.uk/articles/daera-forestry-grants
2026-06-10T10:37:11+00:00,,https://www.daera-ni.gov.uk/articles/rural-development-grants,Northern Ireland,,,0,,,,,,request failed: 503 Server Error: Service Unavailable for url: https://www.daera-ni.gov.uk/articles/rural-development-grants
2026-06-10T10:37:34+00:00,,https://www.daera-ni.gov.uk/articles/environment-fund-water-quality-improvement-strand,Northern Ireland,,,0,,,,,,request failed: 503 Server Error: Service Unavailable for url: https://www.daera-ni.gov.uk/articles/environment-fund-water-quality-improvement-strand
2026-06-10T10:37:49+00:00,,https://www.nidirect.gov.uk/articles/private-woodlands-plant-health-grants-and-funding,Northern Ireland,,,0,,,,,,robots.txt disallows access
2026-06-10T10:38:23+00:00,,https://www.communities-ni.gov.uk/topics/historic-environment-funding-grants,Northern Ireland,,,0,,,,,,request failed: 503 Server Error: Service Unavailable for url: https://www.communities-ni.gov.uk/topics/historic-environment-funding-grants
2026-06-10T10:38:30+00:00,,https://communityfoundationni.org/grants/,Northern Ireland,,,0,,,,,,request failed: 404 Client Error: Not Found for url: https://communityfoundationni.org/grants/
2026-06-10T10:38:33+00:00,,https://theriverstrust.org/our-work/our-projects/sustainable-catchment-programme-northern-ireland,UK-wide,,,0,,,,,,robots.txt disallows access
2026-06-10T10:38:45+00:00,,https://www.national-lottery.co.uk/good-causes/funding,UK-wide,,,0,,,,,,request failed: 403 Client Error: Forbidden for url: https://www.national-lottery.co.uk/good-causes/funding
2026-06-10T10:38:45+00:00,,https://www.woodlandtrust.org.uk/plant-trees/trees-for-landowners-and-farmers/,UK-wide,,,0,,,,,,robots.txt disallows access
2026-06-10T10:38:45+00:00,,https://www.woodlandtrust.org.uk/plant-trees/schools-and-communities/,UK-wide,,,0,,,,,,robots.txt disallows access
2026-06-10T10:38:45+00:00,,https://www.rspb.org.uk/,UK-wide,,,0,,,,,,robots.txt disallows access
2026-06-10T10:38:49+00:00,,https://www.nationaltrust.org.uk/services/grants-and-funding,UK-wide,,,0,,,,,,request failed: 404 Client Error: Not Found for url: https://www.nationaltrust.org.uk/services/grants-and-funding
2026-06-10T10:39:02+00:00,,https://www.ruralpayments.org/topics/all-schemes/,Scotland,,,0,,,,,,robots.txt disallows access
2026-06-10T10:39:02+00:00,,https://www.ruralpayments.org/topics/all-schemes/agri-environment-climate-scheme/,Scotland,,,0,,,,,,robots.txt disallows access
2026-06-10T10:39:02+00:00,,https://www.ruralpayments.org/topics/all-schemes/forestry-grant-scheme/,Scotland,,,0,,,,,,robots.txt disallows access
2026-06-10T10:39:13+00:00,,https://www.gov.wales/farming-and-countryside-grants,Wales,,,0,,,,,,request failed: 404 Client Error: Not Found for url: https://www.gov.wales/farming-and-countryside-grants
2026-06-10T10:39:30+00:00,,https://www.gov.ie/en/department-of-agriculture-food-and-the-marine/collections/organic-farming-scheme/,Republic of Ireland,,,0,,,,,,request failed: 404 Client Error: Not Found for url: https://www.gov.ie/en/department-of-agriculture-food-and-the-marine/collections/organic-farming-scheme/
2026-06-10T10:39:31+00:00,,https://www.failteireland.ie/Supports.aspx,Republic of Ireland,,,0,,,,,,robots.txt disallows access
2026-06-10T10:39:44+00:00,,https://www.seupb.eu/funding,Cross-border,,,0,,,,,,robots.txt disallows access
2026-06-10T10:39:46+00:00,,https://www.interregeurope.eu/funding,EU / international,,,0,,,,,,request failed: 403 Client Error: Forbidden for url: https://www.interregeurope.eu/funding
2026-06-10T10:42:21+00:00,Tourism,https://www.investni.com/international-business/our-sectors/tourism,Northern Ireland,,,0,,,,,,no readable text
2026-06-10T10:44:36+00:00,International conferences and events,https://www.investni.com/international-business/why-northern-ireland/business-tourism,Northern Ireland,,,0,,,,,,no readable text
